commence_time,bookmaker,last_update,home_team,away_team,market,description,point,Over Price,Under Price,Over %,Under %,No-Vig Over %,No-Vig Under %,True Point,Average Line,Average Over %,Average Under %,Average No-Vig Over %,Average No-Vig Under %,Percent Difference,Max No-Vig %,Bet Tag,Projection,Projection vs Point,% Edge,Correlates,Max No-Vig Diff,Adjusted % Edge,Prop Type,Player Image,Game Start Time,Fav,Spread,O/U,Game Short Title,Scheduled At,Match Progress,Venue Name,Venue Type,Broadcasts,Max No-Vig % Price,True Price,Date,True Point Average Line,Bookmaker Logo
2026-10-20T19:00:00Z,fanduel,2026-10-09T23:02:05Z,Detroit Pistons,Boston Celtics,player_assists,Jayson Tatum,5.5,-136,102,57.63,49.5,53.79,46.21,5.5,5.5,57.48,49.39,53.79,46.21,-3.84,53.79,Over,5.5,0,50,No,-3.84,53.79,Standard,https://www.freeiconspng.com/img/1934,,,,,,,,,,,-116,-116,,5.9169,https://www.nicepng.com/png/detail/51-519544_detroit-lions-fanduel-logo-png.png
2026-10-20T19:00:00Z,fanduel,2026-10-09T23:02:05Z,Detroit Pistons,Boston Celtics,player_assists,Cade Cunningham,9.5,104,-138,49.02,57.98,45.81,54.19,9.5,9.5,51.88,57.05,47.58,52.42,-5.56,52.42,Under,9.5,0,50,No,-5.56,52.42,Standard,https://www.freeiconspng.com/img/1934,,,,,,,,,,,-110,-110,,9.0402,https://www.nicepng.com/png/detail/51-519544_detroit-lions-fanduel-logo-png.png
2026-10-20T19:00:00Z,fanduel,2026-10-09T23:02:05Z,Detroit Pistons,Boston Celtics,player_points,Jayson Tatum,26.5,-114,-114,53.27,53.27,50,50,26.5,26.5,54.34,54.26,50.04,49.96,-3.31,50.04,Over,26.5,0,50,No,-3.23,50.04,Standard,https://www.freeiconspng.com/img/1934,,,,,,,,,,,-100,-100,,26.5212,https://www.nicepng.com/png/detail/51-519544_detroit-lions-fanduel-logo-png.png
2026-10-20T19:00:00Z,fanduel,2026-10-09T23:02:05Z,Detroit Pistons,Boston Celtics,player_points,Cade Cunningham,24.5,-106,-125,51.46,55.56,48.08,51.92,24.5,24.5,53.8,55.1,49.39,50.61,-4.95,50.61,Under,24.5,0,50,No,-4.95,50.61,Standard,https://www.freeiconspng.com/img/1934,,,,,,,,,,,-102,-102,,24.2011,https://www.nicepng.com/png/detail/51-519544_detroit-lions-fanduel-logo-png.png
2026-10-20T19:00:00Z,fanduel,2026-10-09T23:02:05Z,Detroit Pistons,Boston Celtics,player_points_assists,Cade Cunningham,33.5,-118,-112,54.13,52.83,50.61,49.39,33.5,33.5,55.21,54.42,50.38,49.62,-3.75,50.38,Over,33.5,0,50,No,-3.75,50.38,Standard,https://www.freeiconspng.com/img/1934,,,,,,,,,,,-102,-102,,33.7546,https://www.nicepng.com/png/detail/51-519544_detroit-lions-fanduel-logo-png.png
2026-10-20T19:00:00Z,fanduel,2026-10-09T23:02:05Z,Detroit Pistons,Boston Celtics,player_points_assists,Jayson Tatum,32.5,-118,-112,54.13,52.83,50.61,49.39,32.5,32.5,55.21,54.42,50.38,49.62,-3.75,50.38,Over,32.5,0,50,No,-3.75,50.38,Standard,https://www.freeiconspng.com/img/1934,,,,,,,,,,,-102,-102,,32.747,https://www.nicepng.com/png/detail/51-519544_detroit-lions-fanduel-logo-png.png
2026-10-20T19:00:00Z,fanduel,2026-10-09T23:02:05Z,Detroit Pistons,Boston Celtics,player_points_rebounds,Cade Cunningham,29.5,-120,-110,54.55,52.38,51.01,48.99,29.5,29.5,55.57,54.11,50.68,49.32,-3.87,50.68,Over,29.5,0,50,No,-3.87,50.68,Standard,https://www.freeiconspng.com/img/1934,,,,,,,,,,,-103,-103,,29.9012,https://www.nicepng.com/png/detail/51-519544_detroit-lions-fanduel-logo-png.png
2026-10-20T19:00:00Z,fanduel,2026-10-09T23:02:05Z,Detroit Pistons,Boston Celtics,player_points_rebounds,Jayson Tatum,35.5,-122,-110,54.95,52.38,51.2,48.8,35.5,35.5,55.77,54.11,50.77,49.23,-4.18,50.77,Over,35.5,0,50,No,-4.18,50.77,Standard,https://www.freeiconspng.com/img/1934,,,,,,,,,,,-103,-103,,36.0467,https://www.nicepng.com/png/detail/51-519544_detroit-lions-fanduel-logo-png.png
2026-10-20T19:00:00Z,fanduel,2026-10-09T23:02:05Z,Detroit Pistons,Boston Celtics,player_points_rebounds_assists,Cade Cunningham,39.5,-108,-122,51.92,54.95,48.58,51.42,39.5,39.67,53.88,55.77,49.12,50.88,-4.07,50.88,Under,39.67,0.17,50,No,-3.97,50.98,Standard,https://www.freeiconspng.com/img/1934,,,,,,,,,,,-104,-104,,38.9718,https://www.nicepng.com/png/detail/51-519544_detroit-lions-fanduel-logo-png.png
2026-10-20T19:00:00Z,fanduel,2026-10-09T23:02:05Z,Detroit Pistons,Boston Celtics,player_points_rebounds_assists,Jayson Tatum,42.5,-106,-125,51.46,55.56,48.08,51.92,42.5,42.5,53.42,56.31,48.64,51.36,-4.2,51.36,Under,42.5,0,50,No,-4.20,51.36,Standard,https://www.freeiconspng.com/img/1934,,,,,,,,,,,-106,-106,,41.344,https://www.nicepng.com/png/detail/51-519544_detroit-lions-fanduel-logo-png.png
2026-10-20T19:00:00Z,fanduel,2026-10-09T23:02:05Z,Detroit Pistons,Boston Celtics,player_rebounds,Jayson Tatum,8.5,-144,108,59.02,48.08,55.11,44.89,8.5,8.5,58.26,48.45,54.6,45.4,-4.42,54.6,Over,8.5,0,50,No,-4.42,54.6,Standard,https://www.freeiconspng.com/img/1934,,,,,,,,,,,-120,-120,,9.282,https://www.nicepng.com/png/detail/51-519544_detroit-lions-fanduel-logo-png.png
2026-10-20T19:00:00Z,fanduel,2026-10-09T23:02:05Z,Detroit Pistons,Boston Celtics,player_rebounds,Cade Cunningham,5.5,104,-138,49.02,57.98,45.81,54.19,5.5,5.5,48.63,58.16,45.53,54.47,-3.51,54.47,Under,5.5,0,50,No,-3.51,54.47,Standard,https://www.freeiconspng.com/img/1934,,,,,,,,,,,-120,-120,,5.0083,https://www.nicepng.com/png/detail/51-519544_detroit-lions-fanduel-logo-png.png
2026-10-20T19:00:00Z,fanduel,2026-10-09T23:02:05Z,Detroit Pistons,Boston Celtics,player_rebounds_assists,Jayson Tatum,14.5,-138,104,57.98,49.02,54.19,45.81,14.5,14.5,57.72,48.9,54.13,45.87,-3.85,54.13,Over,14.5,0,50,No,-3.85,54.13,Standard,https://www.freeiconspng.com/img/1934,,,,,,,,,,,-118,-118,,15.6977,https://www.nicepng.com/png/detail/51-519544_detroit-lions-fanduel-logo-png.png
2026-10-20T19:00:00Z,fanduel,2026-10-09T23:02:05Z,Detroit Pistons,Boston Celtics,player_rebounds_assists,Cade Cunningham,14.5,-114,-114,53.27,53.27,50,50,14.5,14.5,54.86,54.64,50.1,49.9,-3.37,50.1,Over,14.5,0,50,No,-3.17,50.1,Standard,https://www.freeiconspng.com/img/1934,,,,,,,,,,,-100,-100,,14.529,https://www.nicepng.com/png/detail/51-519544_detroit-lions-fanduel-logo-png.png
2026-10-20T19:00:00Z,fanduel,2026-10-09T23:02:05Z,Detroit Pistons,Boston Celtics,player_threes,Jayson Tatum,2.5,-140,106,58.33,48.54,54.58,45.42,2.5,2.5,57.67,48.87,54.13,45.87,-4.2,54.13,Over,2.5,0,50,No,-4.20,54.13,Standard,https://www.freeiconspng.com/img/1934,,,,,,,,,,,-118,-118,,2.7065,https://www.nicepng.com/png/detail/51-519544_detroit-lions-fanduel-logo-png.png
2026-10-20T19:00:00Z,fanduel,2026-10-09T23:02:05Z,Detroit Pistons,Boston Celtics,player_threes,Cade Cunningham,2.5,154,-215,39.37,68.25,36.58,63.42,2.5,2.5,39.69,67.89,36.89,63.11,-5.14,63.11,Under,2.5,0,50,No,-5.14,63.11,Standard,https://www.freeiconspng.com/img/1934,,,,,,,,,,,-171,-171,,1.8445,https://www.nicepng.com/png/detail/51-519544_detroit-lions-fanduel-logo-png.png
2026-10-20T19:00:00Z,sportsbet,2026-10-09T23:02:17Z,Detroit Pistons,Boston Celtics,player_assists,Jayson Tatum,5.5,-135,105,57.45,48.78,54.08,45.92,5.5,5.5,57.48,49.39,53.79,46.21,-3.66,53.79,Over,5.5,0,50,No,-3.66,53.79,Standard,https://www.freeiconspng.com/img/1934,,,,,,,,,,,-116,-116,,5.9169,
2026-10-20T19:00:00Z,sportsbet,2026-10-09T23:02:17Z,Detroit Pistons,Boston Celtics,player_assists,Cade Cunningham,9.5,105,-135,48.78,57.45,45.92,54.08,9.5,9.5,51.88,57.05,47.58,52.42,-5.03,52.42,Under,9.5,0,50,No,-5.03,52.42,Standard,https://www.freeiconspng.com/img/1934,,,,,,,,,,,-110,-110,,9.0402,
2026-10-20T19:00:00Z,sportsbet,2026-10-09T23:02:17Z,Detroit Pistons,Boston Celtics,player_points,Jayson Tatum,26.5,-114,-114,53.27,53.27,50,50,26.5,26.5,54.34,54.26,50.04,49.96,-3.31,50.04,Over,26.5,0,50,No,-3.23,50.04,Standard,https://www.freeiconspng.com/img/1934,,,,,,,,,,,-100,-100,,26.5212,
2026-10-20T19:00:00Z,sportsbet,2026-10-09T23:02:17Z,Detroit Pistons,Boston Celtics,player_points,Cade Cunningham,24.5,-104,-125,50.98,55.56,47.85,52.15,24.5,24.5,53.8,55.1,49.39,50.61,-4.95,50.61,Under,24.5,0,50,No,-4.95,50.61,Standard,https://www.freeiconspng.com/img/1934,,,,,,,,,,,-102,-102,,24.2011,
2026-10-20T19:00:00Z,sportsbet,2026-10-09T23:02:17Z,Detroit Pistons,Boston Celtics,player_points_assists,Jayson Tatum,32.5,-116,-111,53.7,52.61,50.52,49.48,32.5,32.5,55.21,54.42,50.38,49.62,-3.32,50.38,Over,32.5,0,50,No,-3.32,50.38,Standard,https://www.freeiconspng.com/img/1934,,,,,,,,,,,-102,-102,,32.747,
2026-10-20T19:00:00Z,sportsbet,2026-10-09T23:02:17Z,Detroit Pistons,Boston Celtics,player_points_assists,Cade Cunningham,33.5,-116,-111,53.7,52.61,50.52,49.48,33.5,33.5,55.21,54.42,50.38,49.62,-3.32,50.38,Over,33.5,0,50,No,-3.32,50.38,Standard,https://www.freeiconspng.com/img/1934,,,,,,,,,,,-102,-102,,33.7546,
2026-10-20T19:00:00Z,sportsbet,2026-10-09T23:02:17Z,Detroit Pistons,Boston Celtics,player_points_rebounds,Jayson Tatum,35.5,-120,-109,54.55,52.15,51.12,48.88,35.5,35.5,55.77,54.11,50.77,49.23,-3.78,50.77,Over,35.5,0,50,No,-3.78,50.77,Standard,https://www.freeiconspng.com/img/1934,,,,,,,,,,,-103,-103,,36.0467,
2026-10-20T19:00:00Z,sportsbet,2026-10-09T23:02:17Z,Detroit Pistons,Boston Celtics,player_points_rebounds,Cade Cunningham,29.5,-119,-109,54.34,52.15,51.03,48.97,29.5,29.5,55.57,54.11,50.68,49.32,-3.66,50.68,Over,29.5,0,50,No,-3.66,50.68,Standard,https://www.freeiconspng.com/img/1934,,,,,,,,,,,-103,-103,,29.9012,
2026-10-20T19:00:00Z,sportsbet,2026-10-09T23:02:17Z,Detroit Pistons,Boston Celtics,player_points_rebounds_assists,Jayson Tatum,42.5,-104,-125,50.98,55.56,47.85,52.15,42.5,42.5,53.42,56.31,48.64,51.36,-4.2,51.36,Under,42.5,0,50,No,-4.20,51.36,Standard,https://www.freeiconspng.com/img/1934,,,,,,,,,,,-106,-106,,41.344,
2026-10-20T19:00:00Z,sportsbet,2026-10-09T23:02:17Z,Detroit Pistons,Boston Celtics,player_points_rebounds_assists,Cade Cunningham,39.5,-108,-120,51.92,54.55,48.77,51.23,39.5,39.67,53.88,55.77,49.12,50.88,-3.67,50.88,Under,39.67,0.17,50,No,-3.57,50.98,Standard,https://www.freeiconspng.com/img/1934,,,,,,,,,,,-104,-104,,38.9718,
2026-10-20T19:00:00Z,sportsbet,2026-10-09T23:02:17Z,Detroit Pistons,Boston Celtics,player_rebounds,Jayson Tatum,8.5,-139,108,58.16,48.08,54.75,45.25,8.5,8.5,58.26,48.45,54.6,45.4,-3.56,54.6,Over,8.5,0,50,No,-3.56,54.6,Standard,https://www.freeiconspng.com/img/1934,,,,,,,,,,,-120,-120,,9.282,
2026-10-20T19:00:00Z,sportsbet,2026-10-09T23:02:17Z,Detroit Pistons,Boston Celtics,player_rebounds,Cade Cunningham,5.5,108,-139,48.08,58.16,45.25,54.75,5.5,5.5,48.63,58.16,45.53,54.47,-3.69,54.47,Under,5.5,0,50,No,-3.69,54.47,Standard,https://www.freeiconspng.com/img/1934,,,,,,,,,,,-120,-120,,5.0083,
2026-10-20T19:00:00Z,sportsbet,2026-10-09T23:02:17Z,Detroit Pistons,Boston Celtics,player_rebounds_assists,Jayson Tatum,14.5,-135,105,57.45,48.78,54.08,45.92,14.5,14.5,57.72,48.9,54.13,45.87,-3.32,54.13,Over,14.5,0,50,No,-3.32,54.13,Standard,https://www.freeiconspng.com/img/1934,,,,,,,,,,,-118,-118,,15.6977,
2026-10-20T19:00:00Z,sportsbet,2026-10-09T23:02:17Z,Detroit Pistons,Boston Celtics,player_rebounds_assists,Cade Cunningham,14.5,-115,-112,53.49,52.83,50.31,49.69,14.5,14.5,54.86,54.64,50.1,49.9,-3.39,50.1,Over,14.5,0,50,No,-3.39,50.1,Standard,https://www.freeiconspng.com/img/1934,,,,,,,,,,,-100,-100,,14.529,
2026-10-20T19:00:00Z,sportsbet,2026-10-09T23:02:17Z,Detroit Pistons,Boston Celtics,player_threes,Jayson Tatum,2.5,-139,108,58.16,48.08,54.75,45.25,2.5,2.5,57.67,48.87,54.13,45.87,-4.03,54.13,Over,2.5,0,50,No,-4.03,54.13,Standard,https://www.freeiconspng.com/img/1934,,,,,,,,,,,-118,-118,,2.7065,
2026-10-20T19:00:00Z,sportsbet,2026-10-09T23:02:17Z,Detroit Pistons,Boston Celtics,player_threes,Cade Cunningham,2.5,150,-208,40,67.53,37.2,62.8,2.5,2.5,39.69,67.89,36.89,63.11,-4.42,63.11,Under,2.5,0,50,No,-4.42,63.11,Standard,https://www.freeiconspng.com/img/1934,,,,,,,,,,,-171,-171,,1.8445,
2026-10-20T19:00:00Z,fanatics,2026-10-09T23:01:51Z,Detroit Pistons,Boston Celtics,player_assists,Jayson Tatum,5.5,-140,105,58.33,48.78,54.46,45.54,5.5,5.5,57.48,49.39,53.79,46.21,-4.54,53.79,Over,5.5,0,50,No,-4.54,53.79,Standard,https://www.freeiconspng.com/img/1934,,,,,,,,,,,-116,-116,,5.9169,
2026-10-20T19:00:00Z,fanatics,2026-10-09T23:01:51Z,Detroit Pistons,Boston Celtics,player_points,Jayson Tatum,26.5,-110,-120,52.38,54.55,48.99,51.01,26.5,26.5,54.34,54.26,50.04,49.96,-4.59,50.04,Over,26.5,0,50,No,-2.34,50.04,Standard,https://www.freeiconspng.com/img/1934,,,,,,,,,,,-100,-100,,26.5212,
2026-10-20T19:00:00Z,fanatics,2026-10-09T23:01:51Z,Detroit Pistons,Boston Celtics,player_rebounds,Jayson Tatum,8.5,-130,100,56.52,50,53.06,46.94,8.5,8.5,58.26,48.45,54.6,45.4,-1.92,54.6,Over,8.5,0,50,No,-1.92,54.6,Standard,https://www.freeiconspng.com/img/1934,,,,,,,,,,,-120,-120,,9.282,
2026-10-20T19:00:00Z,fanatics,2026-10-09T23:01:51Z,Detroit Pistons,Boston Celtics,player_threes,Jayson Tatum,2.5,-130,100,56.52,50,53.06,46.94,2.5,2.5,57.67,48.87,54.13,45.87,-2.39,54.13,Over,2.5,0,50,No,-2.39,54.13,Standard,https://www.freeiconspng.com/img/1934,,,,,,,,,,,-118,-118,,2.7065,
2026-10-20T19:00:00Z,prizepicks,2026-10-09T23:02:56Z,Detroit Pistons,Boston Celtics,player_assists,Cade Cunningham,9.5,-137,-137,57.81,57.81,50,50,9.5,9.5,51.88,57.05,47.58,52.42,-5.39,52.42,Under,9.5,0,50,No,2.42,52.42,Standard,https://www.freeiconspng.com/img/1934,,,,,,,,,,,-110,-110,,9.0402,https://image.pngaaa.com/996/6312996-middle.png
2026-10-20T19:00:00Z,prizepicks,2026-10-09T23:02:56Z,Detroit Pistons,Boston Celtics,player_points,Jayson Tatum,26.5,-137,-137,57.81,57.81,50,50,26.5,26.5,54.34,54.26,50.04,49.96,-7.85,50.04,Over,26.5,0,50,No,0.04,50.04,Standard,https://www.freeiconspng.com/img/1934,,,,,,,,,,,-100,-100,,26.5212,https://image.pngaaa.com/996/6312996-middle.png
2026-10-20T19:00:00Z,prizepicks,2026-10-09T23:02:56Z,Detroit Pistons,Boston Celtics,player_points,Cade Cunningham,24.5,-137,-137,57.81,57.81,50,50,24.5,24.5,53.8,55.1,49.39,50.61,-7.2,50.61,Under,24.5,0,50,No,0.61,50.61,Standard,https://www.freeiconspng.com/img/1934,,,,,,,,,,,-102,-102,,24.2011,https://image.pngaaa.com/996/6312996-middle.png
2026-10-20T19:00:00Z,prizepicks,2026-10-09T23:02:56Z,Detroit Pistons,Boston Celtics,player_points_assists,Cade Cunningham,33.5,-137,-137,57.81,57.81,50,50,33.5,33.5,55.21,54.42,50.38,49.62,-8.19,50.38,Over,33.5,0,50,No,0.38,50.38,Standard,https://www.freeiconspng.com/img/1934,,,,,,,,,,,-102,-102,,33.7546,https://image.pngaaa.com/996/6312996-middle.png
2026-10-20T19:00:00Z,prizepicks,2026-10-09T23:02:56Z,Detroit Pistons,Boston Celtics,player_points_assists,Jayson Tatum,32.5,-137,-137,57.81,57.81,50,50,32.5,32.5,55.21,54.42,50.38,49.62,-8.19,50.38,Over,32.5,0,50,No,0.38,50.38,Standard,https://www.freeiconspng.com/img/1934,,,,,,,,,,,-102,-102,,32.747,https://image.pngaaa.com/996/6312996-middle.png
2026-10-20T19:00:00Z,prizepicks,2026-10-09T23:02:56Z,Detroit Pistons,Boston Celtics,player_points_rebounds,Jayson Tatum,35.5,-137,-137,57.81,57.81,50,50,35.5,35.5,55.77,54.11,50.77,49.23,-8.58,50.77,Over,35.5,0,50,No,0.77,50.77,Standard,https://www.freeiconspng.com/img/1934,,,,,,,,,,,-103,-103,,36.0467,https://image.pngaaa.com/996/6312996-middle.png
2026-10-20T19:00:00Z,prizepicks,2026-10-09T23:02:56Z,Detroit Pistons,Boston Celtics,player_points_rebounds,Cade Cunningham,29.5,-137,-137,57.81,57.81,50,50,29.5,29.5,55.57,54.11,50.68,49.32,-8.49,50.68,Over,29.5,0,50,No,0.68,50.68,Standard,https://www.freeiconspng.com/img/1934,,,,,,,,,,,-103,-103,,29.9012,https://image.pngaaa.com/996/6312996-middle.png
2026-10-20T19:00:00Z,prizepicks,2026-10-09T23:02:56Z,Detroit Pistons,Boston Celtics,player_points_rebounds_assists,Jayson Tatum,42.5,-137,-137,57.81,57.81,50,50,42.5,42.5,53.42,56.31,48.64,51.36,-6.45,51.36,Under,42.5,0,50,No,1.36,51.36,Standard,https://www.freeiconspng.com/img/1934,,,,,,,,,,,-106,-106,,41.344,https://image.pngaaa.com/996/6312996-middle.png
2026-10-20T19:00:00Z,prizepicks,2026-10-09T23:02:56Z,Detroit Pistons,Boston Celtics,player_points_rebounds_assists,Cade Cunningham,40,-137,-137,57.81,57.81,50,50,40,39.67,53.88,55.77,49.12,50.88,-6.93,50.88,Under,39.67,-0.33,50,Yes,0.74,50.74,Standard,https://www.freeiconspng.com/img/1934,,,,,,,,,,,-104,-103,,38.9718,https://image.pngaaa.com/996/6312996-middle.png
2026-10-20T19:00:00Z,prizepicks,2026-10-09T23:02:56Z,Detroit Pistons,Boston Celtics,player_rebounds_assists,Cade Cunningham,14.5,-137,-137,57.81,57.81,50,50,14.5,14.5,54.86,54.64,50.1,49.9,-7.91,50.1,Over,14.5,0,50,No,0.10,50.1,Standard,https://www.freeiconspng.com/img/1934,,,,,,,,,,,-100,-100,,14.529,https://image.pngaaa.com/996/6312996-middle.png
2026-10-20T19:00:00Z,pinnacle,2026-10-09T23:02:05Z,Detroit Pistons,Boston Celtics,player_assists,Cade Cunningham,9.5,-108,-122,51.92,54.95,48.58,51.42,9.5,9.5,51.88,57.05,47.58,52.42,-2.53,52.42,Under,9.5,0,50,No,-2.53,52.42,Standard,https://www.freeiconspng.com/img/1934,,,,,,,,,,,-110,-110,,9.0402,
2026-10-20T19:00:00Z,pinnacle,2026-10-09T23:02:05Z,Detroit Pistons,Boston Celtics,player_assists,Jayson Tatum,5.5,-130,-102,56.52,50.5,52.82,47.18,5.5,5.5,57.48,49.39,53.79,46.21,-2.73,53.79,Over,5.5,0,50,No,-2.73,53.79,Standard,https://www.freeiconspng.com/img/1934,,,,,,,,,,,-116,-116,,5.9169,
2026-10-20T19:00:00Z,pinnacle,2026-10-09T23:02:05Z,Detroit Pistons,Boston Celtics,player_points,Cade Cunningham,24.5,-122,-106,54.95,51.46,51.64,48.36,24.5,24.5,53.8,55.1,49.39,50.61,-5.56,50.61,Under,24.5,0,50,No,-0.85,50.61,Standard,https://www.freeiconspng.com/img/1934,,,,,,,,,,,-102,-102,,24.2011,
2026-10-20T19:00:00Z,pinnacle,2026-10-09T23:02:05Z,Detroit Pistons,Boston Celtics,player_points,Jayson Tatum,26.5,-122,-110,54.95,52.38,51.2,48.8,26.5,26.5,54.34,54.26,50.04,49.96,-4.91,50.04,Over,26.5,0,50,No,-4.91,50.04,Standard,https://www.freeiconspng.com/img/1934,,,,,,,,,,,-100,-100,,26.5212,
2026-10-20T19:00:00Z,pinnacle,2026-10-09T23:02:05Z,Detroit Pistons,Boston Celtics,player_rebounds,Cade Cunningham,5.5,105,-140,48.78,58.33,45.54,54.46,5.5,5.5,48.63,58.16,45.53,54.47,-3.86,54.47,Under,5.5,0,50,No,-3.86,54.47,Standard,https://www.freeiconspng.com/img/1934,,,,,,,,,,,-120,-120,,5.0083,
2026-10-20T19:00:00Z,pinnacle,2026-10-09T23:02:05Z,Detroit Pistons,Boston Celtics,player_rebounds,Jayson Tatum,8.5,-146,110,59.35,47.62,55.48,44.52,8.5,8.5,58.26,48.45,54.6,45.4,-4.75,54.6,Over,8.5,0,50,No,-4.75,54.6,Standard,https://www.freeiconspng.com/img/1934,,,,,,,,,,,-120,-120,,9.282,
2026-10-20T19:00:00Z,novig,2026-10-09T23:03:01Z,Detroit Pistons,Boston Celtics,player_rebounds_assists,Cade Cunningham,14.5,-117,,53.92,,,,14.5,14.5,54.86,54.64,50.1,49.9,,50.1,Over,14.5,0,50,No,0.10,50.1,Non-Standard,https://www.freeiconspng.com/img/1934,,,,,,,,,,,-100,-100,,14.529,
2026-10-20T23:00:00Z,fanduel,2026-10-09T23:02:49Z,New York Knicks,Philadelphia 76ers,player_assists,Jalen Brunson,6.5,-114,-114,53.27,53.27,50,50,6.5,6.5,54.46,54.3,50.08,49.92,-3.35,50.08,Over,6.5,0,50,No,-3.19,50.08,Standard,https://www.freeiconspng.com/img/1934,,,,,,,,,,,-100,-100,,6.5104,https://www.nicepng.com/png/detail/51-519544_detroit-lions-fanduel-logo-png.png
2026-10-20T23:00:00Z,fanduel,2026-10-09T23:02:49Z,New York Knicks,Philadelphia 76ers,player_points,Jalen Brunson,25.5,-125,-106,55.56,51.46,51.92,48.08,25.5,25.5,55.97,53.04,51.37,48.63,-4.19,51.37,Over,25.5,0,50,No,-4.19,51.37,Standard,https://www.freeiconspng.com/img/1934,,,,,,,,,,,-106,-106,,26.1987,https://www.nicepng.com/png/detail/51-519544_detroit-lions-fanduel-logo-png.png
2026-10-20T23:00:00Z,fanduel,2026-10-09T23:02:49Z,New York Knicks,Philadelphia 76ers,player_points_assists,Jalen Brunson,32.5,-122,-108,54.95,51.92,51.42,48.58,32.5,32.5,56.11,53.57,51.19,48.81,-3.76,51.19,Over,32.5,0,50,No,-3.76,51.19,Standard,https://www.freeiconspng.com/img/1934,,,,,,,,,,,-105,-105,,33.2735,https://www.nicepng.com/png/detail/51-519544_detroit-lions-fanduel-logo-png.png
2026-10-20T23:00:00Z,fanduel,2026-10-09T23:02:49Z,New York Knicks,Philadelphia 76ers,player_points_rebounds,Jalen Brunson,29.5,-104,-128,50.98,56.14,47.59,52.41,29.5,29.5,53.26,56.5,48.48,51.52,-4.62,51.52,Under,29.5,0,50,No,-4.62,51.52,Standard,https://www.freeiconspng.com/img/1934,,,,,,,,,,,-106,-106,,28.6032,https://www.nicepng.com/png/detail/51-519544_detroit-lions-fanduel-logo-png.png
2026-10-20T23:00:00Z,fanduel,2026-10-09T23:02:49Z,New York Knicks,Philadelphia 76ers,player_points_rebounds_assists,Jalen Brunson,35.5,-128,-104,56.14,50.98,52.41,47.59,35.5,35.5,56.5,53.26,51.52,48.48,-4.62,51.52,Over,35.5,0,50,No,-4.62,51.52,Standard,https://www.freeiconspng.com/img/1934,,,,,,,,,,,-106,-106,,36.5792,https://www.nicepng.com/png/detail/51-519544_detroit-lions-fanduel-logo-png.png
2026-10-20T23:00:00Z,fanduel,2026-10-09T23:02:49Z,New York Knicks,Philadelphia 76ers,player_rebounds,Jalen Brunson,2.5,-172,128,63.24,43.86,59.05,40.95,2.5,2.5,63.33,43.93,59.05,40.95,-4.19,59.05,Over,2.5,0,50,No,-4.19,59.05,Standard,https://www.freeiconspng.com/img/1934,,,,,,,,,,,-144,-144,,2.9525,https://www.nicepng.com/png/detail/51-519544_detroit-lions-fanduel-logo-png.png
2026-10-20T23:00:00Z,fanduel,2026-10-09T23:02:49Z,New York Knicks,Philadelphia 76ers,player_rebounds_assists,Jalen Brunson,9.5,-128,-104,56.14,50.98,52.41,47.59,9.5,9.5,56.5,53.26,51.52,48.48,-4.62,51.52,Over,9.5,0,50,No,-4.62,51.52,Standard,https://www.freeiconspng.com/img/1934,,,,,,,,,,,-106,-106,,9.7888,https://www.nicepng.com/png/detail/51-519544_detroit-lions-fanduel-logo-png.png
2026-10-20T23:00:00Z,fanduel,2026-10-09T23:02:49Z,New York Knicks,Philadelphia 76ers,player_threes,Jalen Brunson,2.5,116,-154,46.3,60.63,43.3,56.7,2.5,2.5,46.41,60.78,43.3,56.7,-3.93,56.7,Under,2.5,0,50,No,-3.93,56.7,Standard,https://www.freeiconspng.com/img/1934,,,,,,,,,,,-131,-131,,2.165,https://www.nicepng.com/png/detail/51-519544_detroit-lions-fanduel-logo-png.png
2026-10-20T23:00:00Z,sportsbet,2026-10-09T23:02:20Z,New York Knicks,Philadelphia 76ers,player_assists,Jalen Brunson,6.5,-115,-112,53.49,52.83,50.31,49.69,6.5,6.5,54.46,54.3,50.08,49.92,-3.41,50.08,Over,6.5,0,50,No,-3.41,50.08,Standard,https://www.freeiconspng.com/img/1934,,,,,,,,,,,-100,-100,,6.5104,
2026-10-20T23:00:00Z,sportsbet,2026-10-09T23:02:20Z,New York Knicks,Philadelphia 76ers,player_points,Jalen Brunson,25.5,-125,-104,55.56,50.98,52.15,47.85,25.5,25.5,55.97,53.04,51.37,48.63,-4.19,51.37,Over,25.5,0,50,No,-4.19,51.37,Standard,https://www.freeiconspng.com/img/1934,,,,,,,,,,,-106,-106,,26.1987,
2026-10-20T23:00:00Z,sportsbet,2026-10-09T23:02:20Z,New York Knicks,Philadelphia 76ers,player_points_assists,Jalen Brunson,32.5,-125,-104,55.56,50.98,52.15,47.85,32.5,32.5,56.11,53.57,51.19,48.81,-4.37,51.19,Over,32.5,0,50,No,-4.37,51.19,Standard,https://www.freeiconspng.com/img/1934,,,,,,,,,,,-105,-105,,33.2735,
2026-10-20T23:00:00Z,sportsbet,2026-10-09T23:02:20Z,New York Knicks,Philadelphia 76ers,player_points_rebounds,Jalen Brunson,29.5,-104,-125,50.98,55.56,47.85,52.15,29.5,29.5,53.26,56.5,48.48,51.52,-4.04,51.52,Under,29.5,0,50,No,-4.04,51.52,Standard,https://www.freeiconspng.com/img/1934,,,,,,,,,,,-106,-106,,28.6032,
2026-10-20T23:00:00Z,sportsbet,2026-10-09T23:02:20Z,New York Knicks,Philadelphia 76ers,player_points_rebounds_assists,Jalen Brunson,35.5,-125,-104,55.56,50.98,52.15,47.85,35.5,35.5,56.5,53.26,51.52,48.48,-4.04,51.52,Over,35.5,0,50,No,-4.04,51.52,Standard,https://www.freeiconspng.com/img/1934,,,,,,,,,,,-106,-106,,36.5792,
2026-10-20T23:00:00Z,sportsbet,2026-10-09T23:02:20Z,New York Knicks,Philadelphia 76ers,player_rebounds,Jalen Brunson,2.5,-172,125,63.24,44.44,58.73,41.27,2.5,2.5,63.33,43.93,59.05,40.95,-4.19,59.05,Over,2.5,0,50,No,-4.19,59.05,Standard,https://www.freeiconspng.com/img/1934,,,,,,,,,,,-144,-144,,2.9525,
2026-10-20T23:00:00Z,sportsbet,2026-10-09T23:02:20Z,New York Knicks,Philadelphia 76ers,player_rebounds_assists,Jalen Brunson,9.5,-125,-104,55.56,50.98,52.15,47.85,9.5,9.5,56.5,53.26,51.52,48.48,-4.04,51.52,Over,9.5,0,50,No,-4.04,51.52,Standard,https://www.freeiconspng.com/img/1934,,,,,,,,,,,-106,-106,,9.7888,
2026-10-20T23:00:00Z,sportsbet,2026-10-09T23:02:20Z,New York Knicks,Philadelphia 76ers,player_threes,Jalen Brunson,2.5,115,-156,46.51,60.94,43.29,56.71,2.5,2.5,46.41,60.78,43.3,56.7,-4.24,56.7,Under,2.5,0,50,No,-4.24,56.7,Standard,https://www.freeiconspng.com/img/1934,,,,,,,,,,,-131,-131,,2.165,
2026-10-20T23:00:00Z,prizepicks,2026-10-09T23:02:56Z,New York Knicks,Philadelphia 76ers,player_assists,Jalen Brunson,6.5,-137,-137,57.81,57.81,50,50,6.5,6.5,54.46,54.3,50.08,49.92,-7.89,50.08,Over,6.5,0,50,No,0.08,50.08,Standard,https://www.freeiconspng.com/img/1934,,,,,,,,,,,-100,-100,,6.5104,https://image.pngaaa.com/996/6312996-middle.png
2026-10-20T23:00:00Z,prizepicks,2026-10-09T23:02:56Z,New York Knicks,Philadelphia 76ers,player_points,Jalen Brunson,25.5,-137,-137,57.81,57.81,50,50,25.5,25.5,55.97,53.04,51.37,48.63,-9.18,51.37,Over,25.5,0,50,No,1.37,51.37,Standard,https://www.freeiconspng.com/img/1934,,,,,,,,,,,-106,-106,,26.1987,https://image.pngaaa.com/996/6312996-middle.png
2026-10-20T23:00:00Z,prizepicks,2026-10-09T23:02:56Z,New York Knicks,Philadelphia 76ers,player_points_assists,Jalen Brunson,32.5,-137,-137,57.81,57.81,50,50,32.5,32.5,56.11,53.57,51.19,48.81,-9,51.19,Over,32.5,0,50,No,1.19,51.19,Standard,https://www.freeiconspng.com/img/1934,,,,,,,,,,,-105,-105,,33.2735,https://image.pngaaa.com/996/6312996-middle.png
2026-10-20T23:00:00Z,prizepicks,2026-10-09T23:02:56Z,New York Knicks,Philadelphia 76ers,player_points_rebounds,Jalen Brunson,29.5,-137,-137,57.81,57.81,50,50,29.5,29.5,53.26,56.5,48.48,51.52,-6.29,51.52,Under,29.5,0,50,No,1.52,51.52,Standard,https://www.freeiconspng.com/img/1934,,,,,,,,,,,-106,-106,,28.6032,https://image.pngaaa.com/996/6312996-middle.png
2026-10-20T23:00:00Z,prizepicks,2026-10-09T23:02:56Z,New York Knicks,Philadelphia 76ers,player_points_rebounds_assists,Jalen Brunson,35.5,-137,-137,57.81,57.81,50,50,35.5,35.5,56.5,53.26,51.52,48.48,-9.33,51.52,Over,35.5,0,50,No,1.52,51.52,Standard,https://www.freeiconspng.com/img/1934,,,,,,,,,,,-106,-106,,36.5792,https://image.pngaaa.com/996/6312996-middle.png
2026-10-20T23:00:00Z,prizepicks,2026-10-09T23:02:56Z,New York Knicks,Philadelphia 76ers,player_rebounds_assists,Jalen Brunson,9.5,-137,-137,57.81,57.81,50,50,9.5,9.5,56.5,53.26,51.52,48.48,-9.33,51.52,Over,9.5,0,50,No,1.52,51.52,Standard,https://www.freeiconspng.com/img/1934,,,,,,,,,,,-106,-106,,9.7888,https://image.pngaaa.com/996/6312996-middle.png
2026-10-20T23:00:00Z,pinnacle,2026-10-09T23:02:09Z,New York Knicks,Philadelphia 76ers,player_assists,Jalen Brunson,6.5,-114,-114,53.27,53.27,50,50,6.5,6.5,54.46,54.3,50.08,49.92,-3.35,50.08,Over,6.5,0,50,No,-3.19,50.08,Standard,https://www.freeiconspng.com/img/1934,,,,,,,,,,,-100,-100,,6.5104,
2026-10-20T23:00:00Z,pinnacle,2026-10-09T23:02:09Z,New York Knicks,Philadelphia 76ers,player_points,Jalen Brunson,25.5,-122,-108,54.95,51.92,51.42,48.58,25.5,25.5,55.97,53.04,51.37,48.63,-3.58,51.37,Over,25.5,0,50,No,-3.58,51.37,Standard,https://www.freeiconspng.com/img/1934,,,,,,,,,,,-106,-106,,26.1987,
2026-10-20T23:00:00Z,pinnacle,2026-10-09T23:02:09Z,New York Knicks,Philadelphia 76ers,player_rebounds,Jalen Brunson,2.5,-174,130,63.5,43.48,59.36,40.64,2.5,2.5,63.33,43.93,59.05,40.95,-4.45,59.05,Over,2.5,0,50,No,-4.45,59.05,Standard,https://www.freeiconspng.com/img/1934,,,,,,,,,,,-144,-144,,2.9525,
2026-10-21T01:30:00Z,fanduel,2026-10-09T23:02:08Z,San Antonio Spurs,Oklahoma City Thunder,player_assists,Victor Wembanyama,2.5,-180,134,64.29,42.74,60.07,39.93,2.5,2.63,62.82,46.51,57.61,42.39,-6.68,57.61,Over,2.63,0.13,50,Yes,-7.96,56.33,Standard,https://www.freeiconspng.com/img/1934,,,,,,,,,,,-136,-129,,3.0303,https://www.nicepng.com/png/detail/51-519544_detroit-lions-fanduel-logo-png.png
2026-10-21T01:30:00Z,fanduel,2026-10-09T23:02:08Z,San Antonio Spurs,Oklahoma City Thunder,player_assists,Shai Gilgeous-Alexander,5.5,-138,104,57.98,49.02,54.19,45.81,5.5,5.5,56.69,51.78,52.31,47.69,-5.67,52.31,Over,5.5,0,50,No,-5.67,52.31,Standard,https://www.freeiconspng.com/img/1934,,,,,,,,,,,-110,-110,,5.7541,https://www.nicepng.com/png/detail/51-519544_detroit-lions-fanduel-logo-png.png
2026-10-21T01:30:00Z,fanduel,2026-10-09T23:02:08Z,San Antonio Spurs,Oklahoma City Thunder,player_blocks,Victor Wembanyama,2.5,-180,134,64.29,42.74,60.07,39.93,2.5,2.5,63.77,43.59,59.4,40.6,-4.89,59.4,Over,2.5,0,50,No,-4.89,59.4,Standard,https://www.freeiconspng.com/img/1934,,,,,,,,,,,-146,-146,,2.97,https://www.nicepng.com/png/detail/51-519544_detroit-lions-fanduel-logo-png.png
2026-10-21T01:30:00Z,fanduel,2026-10-09T23:02:08Z,San Antonio Spurs,Oklahoma City Thunder,player_points,Victor Wembanyama,26.5,100,-132,50,56.9,46.77,53.23,26.5,26.2,52.47,56.03,48.33,51.67,-5.23,51.67,Under,26.2,-0.3,50,Yes,-5.44,51.46,Standard,https://www.freeiconspng.com/img/1934,,,,,,,,,,,-107,-106,,25.3249,https://www.nicepng.com/png/detail/51-519544_detroit-lions-fanduel-logo-png.png
2026-10-21T01:30:00Z,fanduel,2026-10-09T23:02:08Z,San Antonio Spurs,Oklahoma City Thunder,player_points,Shai Gilgeous-Alexander,29.5,-125,-106,55.56,51.46,51.92,48.08,29.5,29.5,56.12,52.93,51.5,48.5,-4.06,51.5,Over,29.5,0,50,No,-4.06,51.5,Standard,https://www.freeiconspng.com/img/1934,,,,,,,,,,,-106,-106,,30.385,https://www.nicepng.com/png/detail/51-519544_detroit-lions-fanduel-logo-png.png
2026-10-21T01:30:00Z,fanduel,2026-10-09T23:02:08Z,San Antonio Spurs,Oklahoma City Thunder,player_points_assists,Shai Gilgeous-Alexander,36.5,-106,-125,51.46,55.56,48.08,51.92,36.5,36.5,53.42,56.31,48.64,51.36,-4.2,51.36,Under,36.5,0,50,No,-4.20,51.36,Standard,https://www.freeiconspng.com/img/1934,,,,,,,,,,,-106,-106,,35.5072,https://www.nicepng.com/png/detail/51-519544_detroit-lions-fanduel-logo-png.png
2026-10-21T01:30:00Z,fanduel,2026-10-09T23:02:08Z,San Antonio Spurs,Oklahoma City Thunder,player_points_assists,Victor Wembanyama,29.5,-106,-125,51.46,55.56,48.08,51.92,29.5,29.5,53.42,56.31,48.64,51.36,-4.2,51.36,Under,29.5,0,50,No,-4.20,51.36,Standard,https://www.freeiconspng.com/img/1934,,,,,,,,,,,-106,-106,,28.6976,https://www.nicepng.com/png/detail/51-519544_detroit-lions-fanduel-logo-png.png
2026-10-21T01:30:00Z,fanduel,2026-10-09T23:02:08Z,San Antonio Spurs,Oklahoma City Thunder,player_points_rebounds,Victor Wembanyama,37.5,-106,-125,51.46,55.56,48.08,51.92,37.5,37.5,53.42,56.31,48.64,51.36,-4.2,51.36,Under,37.5,0,50,No,-4.20,51.36,Standard,https://www.freeiconspng.com/img/1934,,,,,,,,,,,-106,-106,,36.48,https://www.nicepng.com/png/detail/51-519544_detroit-lions-fanduel-logo-png.png
2026-10-21T01:30:00Z,fanduel,2026-10-09T23:02:08Z,San Antonio Spurs,Oklahoma City Thunder,player_points_rebounds,Shai Gilgeous-Alexander,34.5,-106,-125,51.46,55.56,48.08,51.92,34.5,34.5,53.42,56.31,48.64,51.36,-4.2,51.36,Under,34.5,0,50,No,-4.20,51.36,Standard,https://www.freeiconspng.com/img/1934,,,,,,,,,,,-106,-106,,33.5616,https://www.nicepng.com/png/detail/51-519544_detroit-lions-fanduel-logo-png.png
2026-10-21T01:30:00Z,fanduel,2026-10-09T23:02:08Z,San Antonio Spurs,Oklahoma City Thunder,player_points_rebounds_assists,Shai Gilgeous-Alexander,40.5,-112,-118,52.83,54.13,49.39,50.61,40.5,40.5,54.34,55.36,49.52,50.48,-3.65,50.48,Under,40.5,0,50,No,-3.65,50.48,Standard,https://www.freeiconspng.com/img/1934,,,,,,,,,,,-102,-102,,40.1112,https://www.nicepng.com/png/detail/51-519544_detroit-lions-fanduel-logo-png.png
2026-10-21T01:30:00Z,fanduel,2026-10-09T23:02:08Z,San Antonio Spurs,Oklahoma City Thunder,player_points_rebounds_assists,Victor Wembanyama,40.5,-114,-114,53.27,53.27,50,50,40.5,40.5,54.78,54.78,50,50,-3.27,50,Under,40.5,0,50,No,-3.27,50,Standard,https://www.freeiconspng.com/img/1934,,,,,,,,,,,100,100,,40.5,https://www.nicepng.com/png/detail/51-519544_detroit-lions-fanduel-logo-png.png
2026-10-21T01:30:00Z,fanduel,2026-10-09T23:02:08Z,San Antonio Spurs,Oklahoma City Thunder,player_rebounds,Victor Wembanyama,11.5,102,-136,49.5,57.63,46.21,53.79,11.5,11.5,49.45,57.31,46.32,53.68,-3.95,53.68,Under,11.5,0,50,No,-3.95,53.68,Standard,https://www.freeiconspng.com/img/1934,,,,,,,,,,,-116,-116,,10.6536,https://www.nicepng.com/png/detail/51-519544_detroit-lions-fanduel-logo-png.png
2026-10-21T01:30:00Z,fanduel,2026-10-09T23:02:08Z,San Antonio Spurs,Oklahoma City Thunder,player_rebounds,Shai Gilgeous-Alexander,4.5,134,-180,42.74,64.29,39.93,60.07,4.5,4.5,43.31,63.94,40.38,59.62,-4.67,59.62,Under,4.5,0,50,No,-4.67,59.62,Standard,https://www.freeiconspng.com/img/1934,,,,,,,,,,,-148,-148,,3.6342,https://www.nicepng.com/png/detail/51-519544_detroit-lions-fanduel-logo-png.png
2026-10-21T01:30:00Z,fanduel,2026-10-09T23:02:08Z,San Antonio Spurs,Oklahoma City Thunder,player_rebounds_assists,Shai Gilgeous-Alexander,9.5,-144,108,59.02,48.08,55.11,44.89,9.5,9.5,58.59,48.08,54.93,45.07,-4.09,54.93,Over,9.5,0,50,No,-4.09,54.93,Standard,https://www.freeiconspng.com/img/1934,,,,,,,,,,,-122,-122,,10.4367,https://www.nicepng.com/png/detail/51-519544_detroit-lions-fanduel-logo-png.png
2026-10-21T01:30:00Z,fanduel,2026-10-09T23:02:08Z,San Antonio Spurs,Oklahoma City Thunder,player_rebounds_assists,Victor Wembanyama,14.5,-106,-125,51.46,55.56,48.08,51.92,14.5,14.5,53.42,56.31,48.64,51.36,-4.2,51.36,Under,14.5,0,50,No,-4.20,51.36,Standard,https://www.freeiconspng.com/img/1934,,,,,,,,,,,-106,-106,,14.1056,https://www.nicepng.com/png/detail/51-519544_detroit-lions-fanduel-logo-png.png
2026-10-21T01:30:00Z,fanduel,2026-10-09T23:02:08Z,San Antonio Spurs,Oklahoma City Thunder,player_threes,Shai Gilgeous-Alexander,1.5,100,-132,50,56.9,46.77,53.23,1.5,1.5,49.75,56.9,46.65,53.35,-3.55,53.35,Under,1.5,0,50,No,-3.55,53.35,Standard,https://www.freeiconspng.com/img/1934,,,,,,,,,,,-114,-114,,1.3995,https://www.nicepng.com/png/detail/51-519544_detroit-lions-fanduel-logo-png.png
2026-10-21T01:30:00Z,fanduel,2026-10-09T23:02:08Z,San Antonio Spurs,Oklahoma City Thunder,player_threes,Victor Wembanyama,1.5,-188,140,65.28,41.67,61.04,38.96,1.5,1.63,63.12,46.4,57.78,42.22,-7.5,57.78,Over,1.63,0.13,50,Yes,-9.53,55.75,Standard,https://www.freeiconspng.com/img/1934,,,,,,,,,,,-137,-126,,1.8836,https://www.nicepng.com/png/detail/51-519544_detroit-lions-fanduel-logo-png.png
2026-10-21T01:30:00Z,sportsbet,2026-10-09T23:02:55Z,San Antonio Spurs,Oklahoma City Thunder,player_assists,Shai Gilgeous-Alexander,5.5,-135,105,57.45,48.78,54.08,45.92,5.5,5.5,56.69,51.78,52.31,47.69,-5.14,52.31,Over,5.5,0,50,No,-5.14,52.31,Standard,https://www.freeiconspng.com/img/1934,,,,,,,,,,,-110,-110,,5.7541,
2026-10-21T01:30:00Z,sportsbet,2026-10-09T23:02:55Z,San Antonio Spurs,Oklahoma City Thunder,player_assists,Victor Wembanyama,2.5,-179,130,64.16,43.48,59.61,40.39,2.5,2.63,62.82,46.51,57.61,42.39,-6.55,57.61,Over,2.63,0.13,50,Yes,-7.83,56.33,Standard,https://www.freeiconspng.com/img/1934,,,,,,,,,,,-136,-129,,3.0303,
2026-10-21T01:30:00Z,sportsbet,2026-10-09T23:02:55Z,San Antonio Spurs,Oklahoma City Thunder,player_blocks,Victor Wembanyama,2.5,-172,125,63.24,44.44,58.73,41.27,2.5,2.5,63.77,43.59,59.4,40.6,-3.84,59.4,Over,2.5,0,50,No,-3.84,59.4,Standard,https://www.freeiconspng.com/img/1934,,,,,,,,,,,-146,-146,,2.97,
2026-10-21T01:30:00Z,sportsbet,2026-10-09T23:02:55Z,San Antonio Spurs,Oklahoma City Thunder,player_points,Shai Gilgeous-Alexander,29.5,-125,-104,55.56,50.98,52.15,47.85,29.5,29.5,56.12,52.93,51.5,48.5,-4.06,51.5,Over,29.5,0,50,No,-4.06,51.5,Standard,https://www.freeiconspng.com/img/1934,,,,,,,,,,,-106,-106,,30.385,
2026-10-21T01:30:00Z,sportsbet,2026-10-09T23:02:55Z,San Antonio Spurs,Oklahoma City Thunder,player_points,Victor Wembanyama,26.5,100,-128,50,56.14,47.11,52.89,26.5,26.2,52.47,56.03,48.33,51.67,-4.47,51.67,Under,26.2,-0.3,50,Yes,-4.68,51.46,Standard,https://www.freeiconspng.com/img/1934,,,,,,,,,,,-107,-106,,25.3249,
2026-10-21T01:30:00Z,sportsbet,2026-10-09T23:02:55Z,San Antonio Spurs,Oklahoma City Thunder,player_points_assists,Shai Gilgeous-Alexander,36.5,-104,-125,50.98,55.56,47.85,52.15,36.5,36.5,53.42,56.31,48.64,51.36,-4.2,51.36,Under,36.5,0,50,No,-4.20,51.36,Standard,https://www.freeiconspng.com/img/1934,,,,,,,,,,,-106,-106,,35.5072,
2026-10-21T01:30:00Z,sportsbet,2026-10-09T23:02:55Z,San Antonio Spurs,Oklahoma City Thunder,player_points_assists,Victor Wembanyama,29.5,-104,-125,50.98,55.56,47.85,52.15,29.5,29.5,53.42,56.31,48.64,51.36,-4.2,51.36,Under,29.5,0,50,No,-4.20,51.36,Standard,https://www.freeiconspng.com/img/1934,,,,,,,,,,,-106,-106,,28.6976,
2026-10-21T01:30:00Z,sportsbet,2026-10-09T23:02:55Z,San Antonio Spurs,Oklahoma City Thunder,player_points_rebounds,Shai Gilgeous-Alexander,34.5,-104,-125,50.98,55.56,47.85,52.15,34.5,34.5,53.42,56.31,48.64,51.36,-4.2,51.36,Under,34.5,0,50,No,-4.20,51.36,Standard,https://www.freeiconspng.com/img/1934,,,,,,,,,,,-106,-106,,33.5616,
2026-10-21T01:30:00Z,sportsbet,2026-10-09T23:02:55Z,San Antonio Spurs,Oklahoma City Thunder,player_points_rebounds,Victor Wembanyama,37.5,-104,-125,50.98,55.56,47.85,52.15,37.5,37.5,53.42,56.31,48.64,51.36,-4.2,51.36,Under,37.5,0,50,No,-4.20,51.36,Standard,https://www.freeiconspng.com/img/1934,,,,,,,,,,,-106,-106,,36.48,
2026-10-21T01:30:00Z,sportsbet,2026-10-09T23:02:55Z,San Antonio Spurs,Oklahoma City Thunder,player_points_rebounds_assists,Shai Gilgeous-Alexander,40.5,-110,-118,52.38,54.13,49.18,50.82,40.5,40.5,54.34,55.36,49.52,50.48,-3.65,50.48,Under,40.5,0,50,No,-3.65,50.48,Standard,https://www.freeiconspng.com/img/1934,,,,,,,,,,,-102,-102,,40.1112,
2026-10-21T01:30:00Z,sportsbet,2026-10-09T23:02:55Z,San Antonio Spurs,Oklahoma City Thunder,player_points_rebounds_assists,Victor Wembanyama,40.5,-114,-114,53.27,53.27,50,50,40.5,40.5,54.78,54.78,50,50,-3.27,50,Under,40.5,0,50,No,-3.27,50,Standard,https://www.freeiconspng.com/img/1934,,,,,,,,,,,100,100,,40.5,
2026-10-21T01:30:00Z,sportsbet,2026-10-09T23:02:55Z,San Antonio Spurs,Oklahoma City Thunder,player_rebounds,Shai Gilgeous-Alexander,4.5,125,-172,44.44,63.24,41.27,58.73,4.5,4.5,43.31,63.94,40.38,59.62,-3.62,59.62,Under,4.5,0,50,No,-3.62,59.62,Standard,https://www.freeiconspng.com/img/1934,,,,,,,,,,,-148,-148,,3.6342,
2026-10-21T01:30:00Z,sportsbet,2026-10-09T23:02:55Z,San Antonio Spurs,Oklahoma City Thunder,player_rebounds,Victor Wembanyama,11.5,105,-135,48.78,57.45,45.92,54.08,11.5,11.5,49.45,57.31,46.32,53.68,-3.77,53.68,Under,11.5,0,50,No,-3.77,53.68,Standard,https://www.freeiconspng.com/img/1934,,,,,,,,,,,-116,-116,,10.6536,
2026-10-21T01:30:00Z,sportsbet,2026-10-09T23:02:55Z,San Antonio Spurs,Oklahoma City Thunder,player_rebounds_assists,Shai Gilgeous-Alexander,9.5,-139,108,58.16,48.08,54.75,45.25,9.5,9.5,58.59,48.08,54.93,45.07,-3.23,54.93,Over,9.5,0,50,No,-3.23,54.93,Standard,https://www.freeiconspng.com/img/1934,,,,,,,,,,,-122,-122,,10.4367,
2026-10-21T01:30:00Z,sportsbet,2026-10-09T23:02:55Z,San Antonio Spurs,Oklahoma City Thunder,player_rebounds_assists,Victor Wembanyama,14.5,-104,-125,50.98,55.56,47.85,52.15,14.5,14.5,53.42,56.31,48.64,51.36,-4.2,51.36,Under,14.5,0,50,No,-4.20,51.36,Standard,https://www.freeiconspng.com/img/1934,,,,,,,,,,,-106,-106,,14.1056,
2026-10-21T01:30:00Z,sportsbet,2026-10-09T23:02:55Z,San Antonio Spurs,Oklahoma City Thunder,player_threes,Victor Wembanyama,1.5,-192,140,65.75,41.67,61.21,38.79,1.5,1.63,63.12,46.4,57.78,42.22,-7.97,57.78,Over,1.63,0.13,50,Yes,-10.00,55.75,Standard,https://www.freeiconspng.com/img/1934,,,,,,,,,,,-137,-126,,1.8836,
2026-10-21T01:30:00Z,sportsbet,2026-10-09T23:02:55Z,San Antonio Spurs,Oklahoma City Thunder,player_threes,Shai Gilgeous-Alexander,1.5,102,-132,49.5,56.9,46.53,53.47,1.5,1.5,49.75,56.9,46.65,53.35,-3.55,53.35,Under,1.5,0,50,No,-3.55,53.35,Standard,https://www.freeiconspng.com/img/1934,,,,,,,,,,,-114,-114,,1.3995,
2026-10-21T01:30:00Z,fanatics,2026-10-09T23:01:49Z,San Antonio Spurs,Oklahoma City Thunder,player_assists,Shai Gilgeous-Alexander,5.5,-130,100,56.52,50,53.06,46.94,5.5,5.5,56.69,51.78,52.31,47.69,-4.21,52.31,Over,5.5,0,50,No,-4.21,52.31,Standard,https://www.freeiconspng.com/img/1934,,,,,,,,,,,-110,-110,,5.7541,
2026-10-21T01:30:00Z,fanatics,2026-10-09T23:01:49Z,San Antonio Spurs,Oklahoma City Thunder,player_points,Victor Wembanyama,25.5,-120,-110,54.55,52.38,51.01,48.99,25.5,26.2,52.47,56.03,48.33,51.67,-6.22,51.67,Under,26.2,0.7,50,No,-1.40,50.98,Standard,https://www.freeiconspng.com/img/1934,,,,,,,,,,,-107,-104,,25.3249,
2026-10-21T01:30:00Z,fanatics,2026-10-09T23:01:49Z,San Antonio Spurs,Oklahoma City Thunder,player_rebounds,Victor Wembanyama,11.5,100,-130,50,56.52,46.94,53.06,11.5,11.5,49.45,57.31,46.32,53.68,-2.84,53.68,Under,11.5,0,50,No,-2.84,53.68,Standard,https://www.freeiconspng.com/img/1934,,,,,,,,,,,-116,-116,,10.6536,
2026-10-21T01:30:00Z,fanatics,2026-10-09T23:01:49Z,San Antonio Spurs,Oklahoma City Thunder,player_threes,Victor Wembanyama,1.5,-175,125,63.64,44.44,58.88,41.12,1.5,1.63,63.12,46.4,57.78,42.22,-5.86,57.78,Over,1.63,0.13,50,Yes,-7.89,55.75,Standard,https://www.freeiconspng.com/img/1934,,,,,,,,,,,-137,-126,,1.8836,
2026-10-21T01:30:00Z,prizepicks,2026-10-09T23:02:56Z,San Antonio Spurs,Oklahoma City Thunder,player_assists,Victor Wembanyama,3,-137,-137,57.81,57.81,50,50,3,2.63,62.82,46.51,57.61,42.39,-15.42,57.61,Over,2.63,-0.37,50,No,4.34,54.34,Standard,https://www.freeiconspng.com/img/1934,,,,,,,,,,,-136,-119,,3.0303,https://image.pngaaa.com/996/6312996-middle.png
2026-10-21T01:30:00Z,prizepicks,2026-10-09T23:02:56Z,San Antonio Spurs,Oklahoma City Thunder,player_assists,Shai Gilgeous-Alexander,5.5,-137,-137,57.81,57.81,50,50,5.5,5.5,56.69,51.78,52.31,47.69,-10.12,52.31,Over,5.5,0,50,No,2.31,52.31,Standard,https://www.freeiconspng.com/img/1934,,,,,,,,,,,-110,-110,,5.7541,https://image.pngaaa.com/996/6312996-middle.png
2026-10-21T01:30:00Z,prizepicks,2026-10-09T23:02:56Z,San Antonio Spurs,Oklahoma City Thunder,player_points,Shai Gilgeous-Alexander,29.5,-137,-137,57.81,57.81,50,50,29.5,29.5,56.12,52.93,51.5,48.5,-9.31,51.5,Over,29.5,0,50,No,1.50,51.5,Standard,https://www.freeiconspng.com/img/1934,,,,,,,,,,,-106,-106,,30.385,https://image.pngaaa.com/996/6312996-middle.png
2026-10-21T01:30:00Z,prizepicks,2026-10-09T23:02:56Z,San Antonio Spurs,Oklahoma City Thunder,player_points,Victor Wembanyama,26,-137,-137,57.81,57.81,50,50,26,26.2,52.47,56.03,48.33,51.67,-6.14,51.67,Under,26.2,0.2,50,No,1.46,51.46,Standard,https://www.freeiconspng.com/img/1934,,,,,,,,,,,-107,-106,,25.3249,https://image.pngaaa.com/996/6312996-middle.png
2026-10-21T01:30:00Z,prizepicks,2026-10-09T23:02:56Z,San Antonio Spurs,Oklahoma City Thunder,player_points_assists,Shai Gilgeous-Alexander,36.5,-137,-137,57.81,57.81,50,50,36.5,36.5,53.42,56.31,48.64,51.36,-6.45,51.36,Under,36.5,0,50,No,1.36,51.36,Standard,https://www.freeiconspng.com/img/1934,,,,,,,,,,,-106,-106,,35.5072,https://image.pngaaa.com/996/6312996-middle.png
2026-10-21T01:30:00Z,prizepicks,2026-10-09T23:02:56Z,San Antonio Spurs,Oklahoma City Thunder,player_points_assists,Victor Wembanyama,29.5,-137,-137,57.81,57.81,50,50,29.5,29.5,53.42,56.31,48.64,51.36,-6.45,51.36,Under,29.5,0,50,No,1.36,51.36,Standard,https://www.freeiconspng.com/img/1934,,,,,,,,,,,-106,-106,,28.6976,https://image.pngaaa.com/996/6312996-middle.png
2026-10-21T01:30:00Z,prizepicks,2026-10-09T23:02:56Z,San Antonio Spurs,Oklahoma City Thunder,player_points_rebounds,Victor Wembanyama,37.5,-137,-137,57.81,57.81,50,50,37.5,37.5,53.42,56.31,48.64,51.36,-6.45,51.36,Under,37.5,0,50,No,1.36,51.36,Standard,https://www.freeiconspng.com/img/1934,,,,,,,,,,,-106,-106,,36.48,https://image.pngaaa.com/996/6312996-middle.png
2026-10-21T01:30:00Z,prizepicks,2026-10-09T23:02:56Z,San Antonio Spurs,Oklahoma City Thunder,player_points_rebounds,Shai Gilgeous-Alexander,34.5,-137,-137,57.81,57.81,50,50,34.5,34.5,53.42,56.31,48.64,51.36,-6.45,51.36,Under,34.5,0,50,No,1.36,51.36,Standard,https://www.freeiconspng.com/img/1934,,,,,,,,,,,-106,-106,,33.5616,https://image.pngaaa.com/996/6312996-middle.png
2026-10-21T01:30:00Z,prizepicks,2026-10-09T23:02:56Z,San Antonio Spurs,Oklahoma City Thunder,player_points_rebounds_assists,Shai Gilgeous-Alexander,40.5,-137,-137,57.81,57.81,50,50,40.5,40.5,54.34,55.36,49.52,50.48,-7.33,50.48,Under,40.5,0,50,No,0.48,50.48,Standard,https://www.freeiconspng.com/img/1934,,,,,,,,,,,-102,-102,,40.1112,https://image.pngaaa.com/996/6312996-middle.png
2026-10-21T01:30:00Z,prizepicks,2026-10-09T23:02:56Z,San Antonio Spurs,Oklahoma City Thunder,player_points_rebounds_assists,Victor Wembanyama,40.5,-137,-137,57.81,57.81,50,50,40.5,40.5,54.78,54.78,50,50,-7.81,50,Under,40.5,0,50,No,0.00,50,Standard,https://www.freeiconspng.com/img/1934,,,,,,,,,,,100,100,,40.5,https://image.pngaaa.com/996/6312996-middle.png
2026-10-21T01:30:00Z,prizepicks,2026-10-09T23:02:56Z,San Antonio Spurs,Oklahoma City Thunder,player_rebounds,Victor Wembanyama,11,-137,-137,57.81,57.81,50,50,11,11.5,49.45,57.31,46.32,53.68,-4.13,53.68,Under,11.5,0.5,50,No,2.61,52.61,Standard,https://www.freeiconspng.com/img/1934,,,,,,,,,,,-116,-111,,10.6536,https://image.pngaaa.com/996/6312996-middle.png
2026-10-21T01:30:00Z,prizepicks,2026-10-09T23:02:56Z,San Antonio Spurs,Oklahoma City Thunder,player_rebounds_assists,Victor Wembanyama,14.5,-137,-137,57.81,57.81,50,50,14.5,14.5,53.42,56.31,48.64,51.36,-6.45,51.36,Under,14.5,0,50,No,1.36,51.36,Standard,https://www.freeiconspng.com/img/1934,,,,,,,,,,,-106,-106,,14.1056,https://image.pngaaa.com/996/6312996-middle.png
2026-10-21T01:30:00Z,prizepicks,2026-10-09T23:02:56Z,San Antonio Spurs,Oklahoma City Thunder,player_threes,Victor Wembanyama,2,-137,-137,57.81,57.81,50,50,2,1.63,63.12,46.4,57.78,42.22,-15.59,57.78,Over,1.63,-0.37,50,No,2.83,52.83,Standard,https://www.freeiconspng.com/img/1934,,,,,,,,,,,-137,-112,,1.8836,https://image.pngaaa.com/996/6312996-middle.png
2026-10-21T01:30:00Z,pinnacle,2026-10-09T23:02:44Z,San Antonio Spurs,Oklahoma City Thunder,player_assists,Shai Gilgeous-Alexander,5.5,-116,-114,53.7,53.27,50.2,49.8,5.5,5.5,56.69,51.78,52.31,47.69,-1.39,52.31,Over,5.5,0,50,No,-1.39,52.31,Standard,https://www.freeiconspng.com/img/1934,,,,,,,,,,,-110,-110,,5.7541,
2026-10-21T01:30:00Z,pinnacle,2026-10-09T23:02:44Z,San Antonio Spurs,Oklahoma City Thunder,player_assists,Victor Wembanyama,2.5,-186,138,65.03,42.02,60.75,39.25,2.5,2.63,62.82,46.51,57.61,42.39,-7.42,57.61,Over,2.63,0.13,50,Yes,-8.70,56.33,Standard,https://www.freeiconspng.com/img/1934,,,,,,,,,,,-136,-129,,3.0303,
2026-10-21T01:30:00Z,pinnacle,2026-10-09T23:02:44Z,San Antonio Spurs,Oklahoma City Thunder,player_points,Shai Gilgeous-Alexander,29.5,-125,-106,55.56,51.46,51.92,48.08,29.5,29.5,56.12,52.93,51.5,48.5,-4.06,51.5,Over,29.5,0,50,No,-4.06,51.5,Standard,https://www.freeiconspng.com/img/1934,,,,,,,,,,,-106,-106,,30.385,
2026-10-21T01:30:00Z,pinnacle,2026-10-09T23:02:44Z,San Antonio Spurs,Oklahoma City Thunder,player_points,Victor Wembanyama,26.5,100,-132,50,56.9,46.77,53.23,26.5,26.2,52.47,56.03,48.33,51.67,-5.23,51.67,Under,26.2,-0.3,50,Yes,-5.44,51.46,Standard,https://www.freeiconspng.com/img/1934,,,,,,,,,,,-107,-106,,25.3249,
2026-10-21T01:30:00Z,pinnacle,2026-10-09T23:02:44Z,San Antonio Spurs,Oklahoma City Thunder,player_rebounds,Shai Gilgeous-Alexander,4.5,134,-180,42.74,64.29,39.93,60.07,4.5,4.5,43.31,63.94,40.38,59.62,-4.67,59.62,Under,4.5,0,50,No,-4.67,59.62,Standard,https://www.freeiconspng.com/img/1934,,,,,,,,,,,-148,-148,,3.6342,
2026-10-21T01:30:00Z,pinnacle,2026-10-09T23:02:44Z,San Antonio Spurs,Oklahoma City Thunder,player_rebounds,Victor Wembanyama,11.5,102,-136,49.5,57.63,46.21,53.79,11.5,11.5,49.45,57.31,46.32,53.68,-3.95,53.68,Under,11.5,0,50,No,-3.95,53.68,Standard,https://www.freeiconspng.com/img/1934,,,,,,,,,,,-116,-116,,10.6536,
2026-10-21T01:30:00Z,novig,2026-10-09T23:03:02Z,San Antonio Spurs,Oklahoma City Thunder,player_blocks,Victor Wembanyama,2.5,-190,,65.52,,,,2.5,2.5,63.77,43.59,59.4,40.6,,59.4,Over,2.5,0,50,No,9.40,59.4,Non-Standard,https://www.freeiconspng.com/img/1934,,,,,,,,,,,-146,-146,,2.97,
2026-10-21T01:30:00Z,novig,2026-10-09T23:03:02Z,San Antonio Spurs,Oklahoma City Thunder,player_rebounds,Shai Gilgeous-Alexander,3.5,-178,125,64.03,44.44,59.03,40.97,3.5,4.5,43.31,63.94,40.38,59.62,-23.65,59.62,Under,4.5,1,50,No,3.49,53.49,Standard,https://www.freeiconspng.com/img/1934,,,,,,,,,,,-148,-115,,3.6342,
2026-10-21T01:30:00Z,novig,2026-10-09T23:03:02Z,San Antonio Spurs,Oklahoma City Thunder,player_rebounds_assists,Victor Wembanyama,14.5,-106,,51.46,,,,14.5,14.5,53.42,56.31,48.64,51.36,,51.36,Under,14.5,0,50,No,1.36,51.36,Non-Standard,https://www.freeiconspng.com/img/1934,,,,,,,,,,,-106,-106,,14.1056,
2026-10-21T01:30:00Z,novig,2026-10-09T23:03:02Z,San Antonio Spurs,Oklahoma City Thunder,player_threes,Victor Wembanyama,1.5,,108,,48.08,,,1.5,1.63,63.12,46.4,57.78,42.22,,57.78,Over,1.63,0.13,50,Yes,5.75,55.75,Standard,https://www.freeiconspng.com/img/1934,,,,,,,,,,,-137,-126,,1.8836,
2026-10-21T23:40:00Z,prizepicks,2026-10-09T23:02:56Z,Miami Heat,Minnesota Timberwolves,player_points,Anthony Edwards,0.5,-137,,57.81,,,,0.5,27.5,57.81,57.81,50,50,,50,Under,27.5,27,50,No,48.04,98.04,Non-Standard,https://www.freeiconspng.com/img/1934,,No,1.5,243.2,,,,,,,100,2,,27.5,https://image.pngaaa.com/996/6312996-middle.png
2026-10-21T23:40:00Z,prizepicks,2026-10-09T23:02:56Z,Miami Heat,Minnesota Timberwolves,player_points,Anthony Edwards,27.5,-137,-137,57.81,57.81,50,50,27.5,27.5,57.81,57.81,50,50,-7.81,50,Under,27.5,0,50,No,0.00,50,Standard,https://www.freeiconspng.com/img/1934,,No,1.5,243.2,,,,,,,100,100,,27.5,https://image.pngaaa.com/996/6312996-middle.png